path,bytes,sha256,origin,origin_sha256,baseline_content_change
.env.example,310,798707f2d60b1ed9388f62dda22d280410381660627faf87f70df811e9a197f0,azure-churn-clv/.env.example,798707f2d60b1ed9388f62dda22d280410381660627faf87f70df811e9a197f0,unchanged
.gitignore,287,d769d4b8d88e8202f4108f34fcf3b3fe2b3924c989227730bba603f3187affb7,azure-churn-clv/.gitignore,d769d4b8d88e8202f4108f34fcf3b3fe2b3924c989227730bba603f3187affb7,unchanged
.vscode/extensions.json,112,2552dc80fb7d12089816ea3b1a21c27b270a7d7e5e1df9dbae9ec566dc95fc5c,azure-churn-clv/.vscode/extensions.json,2552dc80fb7d12089816ea3b1a21c27b270a7d7e5e1df9dbae9ec566dc95fc5c,unchanged
.vscode/settings.json,531,5748ff38a3f4c6a32529379e6ab2b91ce00e076ee9996f453650fcc387fa8516,azure-churn-clv/.vscode/settings.json,5748ff38a3f4c6a32529379e6ab2b91ce00e076ee9996f453650fcc387fa8516,unchanged
GIT_UPDATE_CHANGELOG.md,3234,04223b03b00c681f37a02feb89ac27d9f418b9eb88b7fa2d2994f1bbd07f3a2b,generated_for_github_upload,,added
GIT_UPLOAD_README.md,4570,8151d7f7e8f5d3564bf6a3d9db48f1beadd8d81bf22949dd6daf66dbb297a5c5,generated_for_github_upload,,modified
README.md,8319,4b441a622d61de7b9c3c8f2d54a6ce55806f672593b74a7deca0d6ff78e91fce,azure-churn-clv/README.md,a55ed3be9c0dbceb7f3977f34b96eb8bbbc54c337bca6d2c93208708f6a2fcea,modified
configs/README.md,1593,295d8b29c567c59dbba120d27b8a7ea190eb2131c143bef042a0a41a1a43835f,azure-churn-clv/configs/README.md,295d8b29c567c59dbba120d27b8a7ea190eb2131c143bef042a0a41a1a43835f,modified
configs/w3_cleaning.json,3857,d5d5d373de8a94a74a2c08aea25c6f6e04ef3ee174618aaf8c3d9fe46b3b230c,azure-churn-clv/configs/w3_cleaning.json,d5d5d373de8a94a74a2c08aea25c6f6e04ef3ee174618aaf8c3d9fe46b3b230c,added
dashboard/README.md,1457,8c5b3b1e211cf8910caac896257092cf20b8e315a8dac3ed06b749233e50175b,azure-churn-clv/dashboard/README.md,8c5b3b1e211cf8910caac896257092cf20b8e315a8dac3ed06b749233e50175b,unchanged
dashboard/powerbi/W2_Churn.Report/StaticResources/SharedResources/BaseThemes/CY20SU09.json,9561,e91147752e082fe1054cefbdcef16b8b575c285df4e11623dc62f9fed5e950b2,azure-churn-clv/dashboard/powerbi/W2_Churn.Report/StaticResources/SharedResources/BaseThemes/CY20SU09.json,e91147752e082fe1054cefbdcef16b8b575c285df4e11623dc62f9fed5e950b2,unchanged
dashboard/powerbi/W2_Churn.Report/definition.pbir,244,ba6648c57308d56277c7e96bca51aa93b6864789ec8ab96ff8869fff361a75cc,azure-churn-clv/dashboard/powerbi/W2_Churn.Report/definition.pbir,ba6648c57308d56277c7e96bca51aa93b6864789ec8ab96ff8869fff361a75cc,unchanged
dashboard/powerbi/W2_Churn.Report/definition/pages/intersections/page.json,270,998fe8dcb0fb5876a5007293a153cb6698c96486cad7e4570834e7d6a403b816,azure-churn-clv/dashboard/powerbi/W2_Churn.Report/definition/pages/intersections/page.json,998fe8dcb0fb5876a5007293a153cb6698c96486cad7e4570834e7d6a403b816,unchanged
dashboard/powerbi/W2_Churn.Report/definition/pages/intersections/visuals/fee_services/visual.json,4794,b1d19d5d231410501353410a3a3283c3ef9ce31498f07f90676e138d47a31b13,azure-churn-clv/dashboard/powerbi/W2_Churn.Report/definition/pages/intersections/visuals/fee_services/visual.json,b1d19d5d231410501353410a3a3283c3ef9ce31498f07f90676e138d47a31b13,unchanged
dashboard/powerbi/W2_Churn.Report/definition/pages/intersections/visuals/header/visual.json,3259,80174cc7573b57a80ddc9e1f6c953ff6b1f5a4087a06f141c016c97b68bb9a40,azure-churn-clv/dashboard/powerbi/W2_Churn.Report/definition/pages/intersections/visuals/header/visual.json,80174cc7573b57a80ddc9e1f6c953ff6b1f5a4087a06f141c016c97b68bb9a40,unchanged
dashboard/powerbi/W2_Churn.Report/definition/pages/intersections/visuals/kpi_0/visual.json,3262,52e3a2778df8533f2b4444dec94e48c40b43d64ceb21d22f3f571d66974c5eaa,azure-churn-clv/dashboard/powerbi/W2_Churn.Report/definition/pages/intersections/visuals/kpi_0/visual.json,52e3a2778df8533f2b4444dec94e48c40b43d64ceb21d22f3f571d66974c5eaa,unchanged
dashboard/powerbi/W2_Churn.Report/definition/pages/intersections/visuals/kpi_1/visual.json,3284,6ec1f479a7ae3877f0baa995445a1842cad2405e10c85621356bf4210a93b2e2,azure-churn-clv/dashboard/powerbi/W2_Churn.Report/definition/pages/intersections/visuals/kpi_1/visual.json,6ec1f479a7ae3877f0baa995445a1842cad2405e10c85621356bf4210a93b2e2,unchanged
dashboard/powerbi/W2_Churn.Report/definition/pages/intersections/visuals/kpi_2/visual.json,3284,d146b7c19462b1e6d84ff77234bfb3ef29f4c05849eefe6858e83f248de0600f,azure-churn-clv/dashboard/powerbi/W2_Churn.Report/definition/pages/intersections/visuals/kpi_2/visual.json,d146b7c19462b1e6d84ff77234bfb3ef29f4c05849eefe6858e83f248de0600f,unchanged
dashboard/powerbi/W2_Churn.Report/definition/pages/intersections/visuals/kpi_3/visual.json,3285,0478b6793fc5375c9f5ba896da40553ebe5d2666a8c7778877f84f8bd285a356,azure-churn-clv/dashboard/powerbi/W2_Churn.Report/definition/pages/intersections/visuals/kpi_3/visual.json,0478b6793fc5375c9f5ba896da40553ebe5d2666a8c7778877f84f8bd285a356,unchanged
dashboard/powerbi/W2_Churn.Report/definition/pages/intersections/visuals/limitations/visual.json,3385,4e255d15f3eebe9c3884502c8a3ae5521da6d067bc280e2c93bc73e328f90cfc,azure-churn-clv/dashboard/powerbi/W2_Churn.Report/definition/pages/intersections/visuals/limitations/visual.json,4e255d15f3eebe9c3884502c8a3ae5521da6d067bc280e2c93bc73e328f90cfc,unchanged
dashboard/powerbi/W2_Churn.Report/definition/pages/intersections/visuals/matrix_0/visual.json,4741,de3f7d0a00b2fc90188464469b3343d41f1c0dc1499b198fcc70d71f843097b0,azure-churn-clv/dashboard/powerbi/W2_Churn.Report/definition/pages/intersections/visuals/matrix_0/visual.json,de3f7d0a00b2fc90188464469b3343d41f1c0dc1499b198fcc70d71f843097b0,unchanged
dashboard/powerbi/W2_Churn.Report/definition/pages/intersections/visuals/matrix_1/visual.json,4739,7ce98e8699a32bdaa081572eb3859b86e38b122954b4086428f5496419d35574,azure-churn-clv/dashboard/powerbi/W2_Churn.Report/definition/pages/intersections/visuals/matrix_1/visual.json,7ce98e8699a32bdaa081572eb3859b86e38b122954b4086428f5496419d35574,unchanged
dashboard/powerbi/W2_Churn.Report/definition/pages/intersections/visuals/matrix_2/visual.json,4747,d0c859ee42ea381fa4f9a3450602c9564fce60b2f4e6e0047468392eefbedac5,azure-churn-clv/dashboard/powerbi/W2_Churn.Report/definition/pages/intersections/visuals/matrix_2/visual.json,d0c859ee42ea381fa4f9a3450602c9564fce60b2f4e6e0047468392eefbedac5,unchanged
dashboard/powerbi/W2_Churn.Report/definition/pages/intersections/visuals/slicer_0/visual.json,3999,017ac4910dc13f4643e9bdd7d5a5feab25bf40a22badbcc58d4e5ca6d67442d4,azure-churn-clv/dashboard/powerbi/W2_Churn.Report/definition/pages/intersections/visuals/slicer_0/visual.json,017ac4910dc13f4643e9bdd7d5a5feab25bf40a22badbcc58d4e5ca6d67442d4,unchanged
dashboard/powerbi/W2_Churn.Report/definition/pages/intersections/visuals/slicer_1/visual.json,4009,f4bbfc13760eae0c40fb906f5e7b47fe0d52b87c2503a4267392a0be64093c13,azure-churn-clv/dashboard/powerbi/W2_Churn.Report/definition/pages/intersections/visuals/slicer_1/visual.json,f4bbfc13760eae0c40fb906f5e7b47fe0d52b87c2503a4267392a0be64093c13,unchanged
dashboard/powerbi/W2_Churn.Report/definition/pages/intersections/visuals/slicer_2/visual.json,3997,10a35ef9e8f2ac9068cdfc6405be3731cf14ac403930b9956e78ecb0a612ea2a,azure-churn-clv/dashboard/powerbi/W2_Churn.Report/definition/pages/intersections/visuals/slicer_2/visual.json,10a35ef9e8f2ac9068cdfc6405be3731cf14ac403930b9956e78ecb0a612ea2a,unchanged
dashboard/powerbi/W2_Churn.Report/definition/pages/intersections/visuals/slicer_3/visual.json,4000,b39cb961bfcfffc1ef60a3f4e0a77395b4d26da2fafdaa02fd76f71b4d1d56c1,azure-churn-clv/dashboard/powerbi/W2_Churn.Report/definition/pages/intersections/visuals/slicer_3/visual.json,b39cb961bfcfffc1ef60a3f4e0a77395b4d26da2fafdaa02fd76f71b4d1d56c1,unchanged
dashboard/powerbi/W2_Churn.Report/definition/pages/intersections/visuals/slicer_4/visual.json,3986,b192c185925f736ca4b921b52a0d682667f9e09bd871aeb76ccb83c39de9178d,azure-churn-clv/dashboard/powerbi/W2_Churn.Report/definition/pages/intersections/visuals/slicer_4/visual.json,b192c185925f736ca4b921b52a0d682667f9e09bd871aeb76ccb83c39de9178d,unchanged
dashboard/powerbi/W2_Churn.Report/definition/pages/intersections/visuals/subtitle/visual.json,3300,c42f09479656c65b675ae4a3eeb046bbc48545a9e8f2a4aa9e8d08cfe5469ddb,azure-churn-clv/dashboard/powerbi/W2_Churn.Report/definition/pages/intersections/visuals/subtitle/visual.json,c42f09479656c65b675ae4a3eeb046bbc48545a9e8f2a4aa9e8d08cfe5469ddb,unchanged
dashboard/powerbi/W2_Churn.Report/definition/pages/overview/page.json,268,9fdc064b9deb0a02860e1758ddd251352568f48bbbe21223b90758d666537cf0,azure-churn-clv/dashboard/powerbi/W2_Churn.Report/definition/pages/overview/page.json,9fdc064b9deb0a02860e1758ddd251352568f48bbbe21223b90758d666537cf0,unchanged
dashboard/powerbi/W2_Churn.Report/definition/pages/overview/visuals/chart_0/visual.json,4767,9643106eeb05fc2fcdb6aaa82bbff8a172eab9629041fd85e3a0ce54340b0f2e,azure-churn-clv/dashboard/powerbi/W2_Churn.Report/definition/pages/overview/visuals/chart_0/visual.json,9643106eeb05fc2fcdb6aaa82bbff8a172eab9629041fd85e3a0ce54340b0f2e,unchanged
dashboard/powerbi/W2_Churn.Report/definition/pages/overview/visuals/chart_1/visual.json,4780,12db54ac5123b673c3d898494f64a32c40cc72dd441418a42db9734fd2a9d312,azure-churn-clv/dashboard/powerbi/W2_Churn.Report/definition/pages/overview/visuals/chart_1/visual.json,12db54ac5123b673c3d898494f64a32c40cc72dd441418a42db9734fd2a9d312,unchanged
dashboard/powerbi/W2_Churn.Report/definition/pages/overview/visuals/chart_2/visual.json,4786,6719bf754eb7f6c173efa2adbc32d7de15a92ca0032808d1e7430421bcdc85f1,azure-churn-clv/dashboard/powerbi/W2_Churn.Report/definition/pages/overview/visuals/chart_2/visual.json,6719bf754eb7f6c173efa2adbc32d7de15a92ca0032808d1e7430421bcdc85f1,unchanged
dashboard/powerbi/W2_Churn.Report/definition/pages/overview/visuals/chart_3/visual.json,4781,d4cbb85a64d9a4b8f102d51d312b8a4327a4d95a74025b1972a23ce68019055b,azure-churn-clv/dashboard/powerbi/W2_Churn.Report/definition/pages/overview/visuals/chart_3/visual.json,d4cbb85a64d9a4b8f102d51d312b8a4327a4d95a74025b1972a23ce68019055b,unchanged
dashboard/powerbi/W2_Churn.Report/definition/pages/overview/visuals/header/visual.json,3262,d63d0310c8e0ba1d907fa206b7bb0e0f4eafb8cd3fd7a948e4f3b93ee977cf63,azure-churn-clv/dashboard/powerbi/W2_Churn.Report/definition/pages/overview/visuals/header/visual.json,d63d0310c8e0ba1d907fa206b7bb0e0f4eafb8cd3fd7a948e4f3b93ee977cf63,unchanged
dashboard/powerbi/W2_Churn.Report/definition/pages/overview/visuals/kpi_0/visual.json,3262,52e3a2778df8533f2b4444dec94e48c40b43d64ceb21d22f3f571d66974c5eaa,azure-churn-clv/dashboard/powerbi/W2_Churn.Report/definition/pages/overview/visuals/kpi_0/visual.json,52e3a2778df8533f2b4444dec94e48c40b43d64ceb21d22f3f571d66974c5eaa,unchanged
dashboard/powerbi/W2_Churn.Report/definition/pages/overview/visuals/kpi_1/visual.json,3284,6ec1f479a7ae3877f0baa995445a1842cad2405e10c85621356bf4210a93b2e2,azure-churn-clv/dashboard/powerbi/W2_Churn.Report/definition/pages/overview/visuals/kpi_1/visual.json,6ec1f479a7ae3877f0baa995445a1842cad2405e10c85621356bf4210a93b2e2,unchanged
dashboard/powerbi/W2_Churn.Report/definition/pages/overview/visuals/kpi_2/visual.json,3284,d146b7c19462b1e6d84ff77234bfb3ef29f4c05849eefe6858e83f248de0600f,azure-churn-clv/dashboard/powerbi/W2_Churn.Report/definition/pages/overview/visuals/kpi_2/visual.json,d146b7c19462b1e6d84ff77234bfb3ef29f4c05849eefe6858e83f248de0600f,unchanged
dashboard/powerbi/W2_Churn.Report/definition/pages/overview/visuals/kpi_3/visual.json,3285,0478b6793fc5375c9f5ba896da40553ebe5d2666a8c7778877f84f8bd285a356,azure-churn-clv/dashboard/powerbi/W2_Churn.Report/definition/pages/overview/visuals/kpi_3/visual.json,0478b6793fc5375c9f5ba896da40553ebe5d2666a8c7778877f84f8bd285a356,unchanged
dashboard/powerbi/W2_Churn.Report/definition/pages/overview/visuals/limitations/visual.json,3385,4e255d15f3eebe9c3884502c8a3ae5521da6d067bc280e2c93bc73e328f90cfc,azure-churn-clv/dashboard/powerbi/W2_Churn.Report/definition/pages/overview/visuals/limitations/visual.json,4e255d15f3eebe9c3884502c8a3ae5521da6d067bc280e2c93bc73e328f90cfc,unchanged
dashboard/powerbi/W2_Churn.Report/definition/pages/overview/visuals/slicer_0/visual.json,3999,017ac4910dc13f4643e9bdd7d5a5feab25bf40a22badbcc58d4e5ca6d67442d4,azure-churn-clv/dashboard/powerbi/W2_Churn.Report/definition/pages/overview/visuals/slicer_0/visual.json,017ac4910dc13f4643e9bdd7d5a5feab25bf40a22badbcc58d4e5ca6d67442d4,unchanged
dashboard/powerbi/W2_Churn.Report/definition/pages/overview/visuals/slicer_1/visual.json,4009,f4bbfc13760eae0c40fb906f5e7b47fe0d52b87c2503a4267392a0be64093c13,azure-churn-clv/dashboard/powerbi/W2_Churn.Report/definition/pages/overview/visuals/slicer_1/visual.json,f4bbfc13760eae0c40fb906f5e7b47fe0d52b87c2503a4267392a0be64093c13,unchanged
dashboard/powerbi/W2_Churn.Report/definition/pages/overview/visuals/slicer_2/visual.json,3997,10a35ef9e8f2ac9068cdfc6405be3731cf14ac403930b9956e78ecb0a612ea2a,azure-churn-clv/dashboard/powerbi/W2_Churn.Report/definition/pages/overview/visuals/slicer_2/visual.json,10a35ef9e8f2ac9068cdfc6405be3731cf14ac403930b9956e78ecb0a612ea2a,unchanged
dashboard/powerbi/W2_Churn.Report/definition/pages/overview/visuals/slicer_3/visual.json,4000,b39cb961bfcfffc1ef60a3f4e0a77395b4d26da2fafdaa02fd76f71b4d1d56c1,azure-churn-clv/dashboard/powerbi/W2_Churn.Report/definition/pages/overview/visuals/slicer_3/visual.json,b39cb961bfcfffc1ef60a3f4e0a77395b4d26da2fafdaa02fd76f71b4d1d56c1,unchanged
dashboard/powerbi/W2_Churn.Report/definition/pages/overview/visuals/slicer_4/visual.json,3986,b192c185925f736ca4b921b52a0d682667f9e09bd871aeb76ccb83c39de9178d,azure-churn-clv/dashboard/powerbi/W2_Churn.Report/definition/pages/overview/visuals/slicer_4/visual.json,b192c185925f736ca4b921b52a0d682667f9e09bd871aeb76ccb83c39de9178d,unchanged
dashboard/powerbi/W2_Churn.Report/definition/pages/overview/visuals/subtitle/visual.json,3300,c42f09479656c65b675ae4a3eeb046bbc48545a9e8f2a4aa9e8d08cfe5469ddb,azure-churn-clv/dashboard/powerbi/W2_Churn.Report/definition/pages/overview/visuals/subtitle/visual.json,c42f09479656c65b675ae4a3eeb046bbc48545a9e8f2a4aa9e8d08cfe5469ddb,unchanged
dashboard/powerbi/W2_Churn.Report/definition/pages/pages.json,258,37e67c5f49cf60021f81f2757d2fd67f17acec591102de7d7e6a407c0a6df154,azure-churn-clv/dashboard/powerbi/W2_Churn.Report/definition/pages/pages.json,37e67c5f49cf60021f81f2757d2fd67f17acec591102de7d7e6a407c0a6df154,unchanged
dashboard/powerbi/W2_Churn.Report/definition/pages/profiles/page.json,265,9230e477220e57318887eac360e7a15310f5a8ebce6cb1be914126f6368dfdc9,azure-churn-clv/dashboard/powerbi/W2_Churn.Report/definition/pages/profiles/page.json,9230e477220e57318887eac360e7a15310f5a8ebce6cb1be914126f6368dfdc9,unchanged
dashboard/powerbi/W2_Churn.Report/definition/pages/profiles/visuals/header/visual.json,3259,b22b43b0f885058c94863b02857e502314294b867d1b511cea189606d7eb1bd1,azure-churn-clv/dashboard/powerbi/W2_Churn.Report/definition/pages/profiles/visuals/header/visual.json,b22b43b0f885058c94863b02857e502314294b867d1b511cea189606d7eb1bd1,unchanged
dashboard/powerbi/W2_Churn.Report/definition/pages/profiles/visuals/kpi_0/visual.json,3262,52e3a2778df8533f2b4444dec94e48c40b43d64ceb21d22f3f571d66974c5eaa,azure-churn-clv/dashboard/powerbi/W2_Churn.Report/definition/pages/profiles/visuals/kpi_0/visual.json,52e3a2778df8533f2b4444dec94e48c40b43d64ceb21d22f3f571d66974c5eaa,unchanged
dashboard/powerbi/W2_Churn.Report/definition/pages/profiles/visuals/kpi_1/visual.json,3284,6ec1f479a7ae3877f0baa995445a1842cad2405e10c85621356bf4210a93b2e2,azure-churn-clv/dashboard/powerbi/W2_Churn.Report/definition/pages/profiles/visuals/kpi_1/visual.json,6ec1f479a7ae3877f0baa995445a1842cad2405e10c85621356bf4210a93b2e2,unchanged
dashboard/powerbi/W2_Churn.Report/definition/pages/profiles/visuals/kpi_2/visual.json,3284,d146b7c19462b1e6d84ff77234bfb3ef29f4c05849eefe6858e83f248de0600f,azure-churn-clv/dashboard/powerbi/W2_Churn.Report/definition/pages/profiles/visuals/kpi_2/visual.json,d146b7c19462b1e6d84ff77234bfb3ef29f4c05849eefe6858e83f248de0600f,unchanged
dashboard/powerbi/W2_Churn.Report/definition/pages/profiles/visuals/kpi_3/visual.json,3285,0478b6793fc5375c9f5ba896da40553ebe5d2666a8c7778877f84f8bd285a356,azure-churn-clv/dashboard/powerbi/W2_Churn.Report/definition/pages/profiles/visuals/kpi_3/visual.json,0478b6793fc5375c9f5ba896da40553ebe5d2666a8c7778877f84f8bd285a356,unchanged
dashboard/powerbi/W2_Churn.Report/definition/pages/profiles/visuals/limitations/visual.json,3385,4e255d15f3eebe9c3884502c8a3ae5521da6d067bc280e2c93bc73e328f90cfc,azure-churn-clv/dashboard/powerbi/W2_Churn.Report/definition/pages/profiles/visuals/limitations/visual.json,4e255d15f3eebe9c3884502c8a3ae5521da6d067bc280e2c93bc73e328f90cfc,unchanged
dashboard/powerbi/W2_Churn.Report/definition/pages/profiles/visuals/profile_0/visual.json,4763,ddf9eec713043aa83ef82d008eb585cf637536b83af08b53831913e7efb01b53,azure-churn-clv/dashboard/powerbi/W2_Churn.Report/definition/pages/profiles/visuals/profile_0/visual.json,ddf9eec713043aa83ef82d008eb585cf637536b83af08b53831913e7efb01b53,unchanged
dashboard/powerbi/W2_Churn.Report/definition/pages/profiles/visuals/profile_1/visual.json,4776,c907f66e37a144001a667d6873ca60f398ccc108b5a3c0ce1d1c8041dc7e5198,azure-churn-clv/dashboard/powerbi/W2_Churn.Report/definition/pages/profiles/visuals/profile_1/visual.json,c907f66e37a144001a667d6873ca60f398ccc108b5a3c0ce1d1c8041dc7e5198,unchanged
dashboard/powerbi/W2_Churn.Report/definition/pages/profiles/visuals/profile_2/visual.json,4738,58147fd2e2925351bb620a3950d64bd710593b518750c95a00fa05ccd043a291,azure-churn-clv/dashboard/powerbi/W2_Churn.Report/definition/pages/profiles/visuals/profile_2/visual.json,58147fd2e2925351bb620a3950d64bd710593b518750c95a00fa05ccd043a291,unchanged
dashboard/powerbi/W2_Churn.Report/definition/pages/profiles/visuals/profile_3/visual.json,4763,ea50b22c3d6a5f2c7eae13c49ca02e1f099b92617e47791b6dfb0df60c70fef9,azure-churn-clv/dashboard/powerbi/W2_Churn.Report/definition/pages/profiles/visuals/profile_3/visual.json,ea50b22c3d6a5f2c7eae13c49ca02e1f099b92617e47791b6dfb0df60c70fef9,unchanged
dashboard/powerbi/W2_Churn.Report/definition/pages/profiles/visuals/profile_4/visual.json,4749,f1b1a7f109a98d02042c20a30d5915976e80f4670b8b7bd69fa12c6db3365897,azure-churn-clv/dashboard/powerbi/W2_Churn.Report/definition/pages/profiles/visuals/profile_4/visual.json,f1b1a7f109a98d02042c20a30d5915976e80f4670b8b7bd69fa12c6db3365897,unchanged
dashboard/powerbi/W2_Churn.Report/definition/pages/profiles/visuals/profile_5/visual.json,4765,8d928896cb9e3d6c18731b5b4fb0d819166d58720dabfb22253033dea5305389,azure-churn-clv/dashboard/powerbi/W2_Churn.Report/definition/pages/profiles/visuals/profile_5/visual.json,8d928896cb9e3d6c18731b5b4fb0d819166d58720dabfb22253033dea5305389,unchanged
dashboard/powerbi/W2_Churn.Report/definition/pages/profiles/visuals/slicer_0/visual.json,3999,017ac4910dc13f4643e9bdd7d5a5feab25bf40a22badbcc58d4e5ca6d67442d4,azure-churn-clv/dashboard/powerbi/W2_Churn.Report/definition/pages/profiles/visuals/slicer_0/visual.json,017ac4910dc13f4643e9bdd7d5a5feab25bf40a22badbcc58d4e5ca6d67442d4,unchanged
dashboard/powerbi/W2_Churn.Report/definition/pages/profiles/visuals/slicer_1/visual.json,4009,f4bbfc13760eae0c40fb906f5e7b47fe0d52b87c2503a4267392a0be64093c13,azure-churn-clv/dashboard/powerbi/W2_Churn.Report/definition/pages/profiles/visuals/slicer_1/visual.json,f4bbfc13760eae0c40fb906f5e7b47fe0d52b87c2503a4267392a0be64093c13,unchanged
dashboard/powerbi/W2_Churn.Report/definition/pages/profiles/visuals/slicer_2/visual.json,3997,10a35ef9e8f2ac9068cdfc6405be3731cf14ac403930b9956e78ecb0a612ea2a,azure-churn-clv/dashboard/powerbi/W2_Churn.Report/definition/pages/profiles/visuals/slicer_2/visual.json,10a35ef9e8f2ac9068cdfc6405be3731cf14ac403930b9956e78ecb0a612ea2a,unchanged
dashboard/powerbi/W2_Churn.Report/definition/pages/profiles/visuals/slicer_3/visual.json,4000,b39cb961bfcfffc1ef60a3f4e0a77395b4d26da2fafdaa02fd76f71b4d1d56c1,azure-churn-clv/dashboard/powerbi/W2_Churn.Report/definition/pages/profiles/visuals/slicer_3/visual.json,b39cb961bfcfffc1ef60a3f4e0a77395b4d26da2fafdaa02fd76f71b4d1d56c1,unchanged
dashboard/powerbi/W2_Churn.Report/definition/pages/profiles/visuals/slicer_4/visual.json,3986,b192c185925f736ca4b921b52a0d682667f9e09bd871aeb76ccb83c39de9178d,azure-churn-clv/dashboard/powerbi/W2_Churn.Report/definition/pages/profiles/visuals/slicer_4/visual.json,b192c185925f736ca4b921b52a0d682667f9e09bd871aeb76ccb83c39de9178d,unchanged
dashboard/powerbi/W2_Churn.Report/definition/pages/profiles/visuals/subtitle/visual.json,3300,c42f09479656c65b675ae4a3eeb046bbc48545a9e8f2a4aa9e8d08cfe5469ddb,azure-churn-clv/dashboard/powerbi/W2_Churn.Report/definition/pages/profiles/visuals/subtitle/visual.json,c42f09479656c65b675ae4a3eeb046bbc48545a9e8f2a4aa9e8d08cfe5469ddb,unchanged
dashboard/powerbi/W2_Churn.Report/definition/pages/services/page.json,271,de5a570fda28af82e5c8429ece77dda8fce23fa7fb8e3090dbbd4e2ffdc1477a,azure-churn-clv/dashboard/powerbi/W2_Churn.Report/definition/pages/services/page.json,de5a570fda28af82e5c8429ece77dda8fce23fa7fb8e3090dbbd4e2ffdc1477a,unchanged
dashboard/powerbi/W2_Churn.Report/definition/pages/services/visuals/header/visual.json,3265,ace2d9bba0cb2d2ea2579a3099878a37450faf8421a06842044f4c61830d4c3f,azure-churn-clv/dashboard/powerbi/W2_Churn.Report/definition/pages/services/visuals/header/visual.json,ace2d9bba0cb2d2ea2579a3099878a37450faf8421a06842044f4c61830d4c3f,unchanged
dashboard/powerbi/W2_Churn.Report/definition/pages/services/visuals/kpi_0/visual.json,3274,7c7b096b845a6cbaf954bca67209ca3272923cc18839f582b102602daa68fafa,azure-churn-clv/dashboard/powerbi/W2_Churn.Report/definition/pages/services/visuals/kpi_0/visual.json,7c7b096b845a6cbaf954bca67209ca3272923cc18839f582b102602daa68fafa,unchanged
dashboard/powerbi/W2_Churn.Report/definition/pages/services/visuals/kpi_1/visual.json,3281,8ba75f9a6646decd435341a1a32fd5abfff624bc7f09fda96018289530ba6893,azure-churn-clv/dashboard/powerbi/W2_Churn.Report/definition/pages/services/visuals/kpi_1/visual.json,8ba75f9a6646decd435341a1a32fd5abfff624bc7f09fda96018289530ba6893,unchanged
dashboard/powerbi/W2_Churn.Report/definition/pages/services/visuals/kpi_2/visual.json,3284,3243c29659f9d7abd1a1a84a8f462d3f203f3852391ded276c02a9cf71e1a1ab,azure-churn-clv/dashboard/powerbi/W2_Churn.Report/definition/pages/services/visuals/kpi_2/visual.json,3243c29659f9d7abd1a1a84a8f462d3f203f3852391ded276c02a9cf71e1a1ab,unchanged
dashboard/powerbi/W2_Churn.Report/definition/pages/services/visuals/kpi_3/visual.json,3312,be68dd996dd79cbfc805aad30cd23cb51604b90693b580c84770212e123d6fd2,azure-churn-clv/dashboard/powerbi/W2_Churn.Report/definition/pages/services/visuals/kpi_3/visual.json,be68dd996dd79cbfc805aad30cd23cb51604b90693b580c84770212e123d6fd2,unchanged
dashboard/powerbi/W2_Churn.Report/definition/pages/services/visuals/limitations/visual.json,3385,4e255d15f3eebe9c3884502c8a3ae5521da6d067bc280e2c93bc73e328f90cfc,azure-churn-clv/dashboard/powerbi/W2_Churn.Report/definition/pages/services/visuals/limitations/visual.json,4e255d15f3eebe9c3884502c8a3ae5521da6d067bc280e2c93bc73e328f90cfc,unchanged
dashboard/powerbi/W2_Churn.Report/definition/pages/services/visuals/service_0/visual.json,4776,7f9eb170c9c977903b8381c2816619fca3da3e92ae684f5e65c64ccb8efd7804,azure-churn-clv/dashboard/powerbi/W2_Churn.Report/definition/pages/services/visuals/service_0/visual.json,7f9eb170c9c977903b8381c2816619fca3da3e92ae684f5e65c64ccb8efd7804,unchanged
dashboard/powerbi/W2_Churn.Report/definition/pages/services/visuals/service_1/visual.json,4770,1807f7dbb8a57a0d6a9d257b6a4c7e3080798afbad61235514cf0057b185f4ac,azure-churn-clv/dashboard/powerbi/W2_Churn.Report/definition/pages/services/visuals/service_1/visual.json,1807f7dbb8a57a0d6a9d257b6a4c7e3080798afbad61235514cf0057b185f4ac,unchanged
dashboard/powerbi/W2_Churn.Report/definition/pages/services/visuals/service_2/visual.json,4783,87bcd1f2cb5538c57be591f573afb40e51967545fc609ad0c64a8b3905092f06,azure-churn-clv/dashboard/powerbi/W2_Churn.Report/definition/pages/services/visuals/service_2/visual.json,87bcd1f2cb5538c57be591f573afb40e51967545fc609ad0c64a8b3905092f06,unchanged
dashboard/powerbi/W2_Churn.Report/definition/pages/services/visuals/service_3/visual.json,4767,8c67d78b94060ed33a0a93f818f44b62c62144105f88bac739132d4f4c48b069,azure-churn-clv/dashboard/powerbi/W2_Churn.Report/definition/pages/services/visuals/service_3/visual.json,8c67d78b94060ed33a0a93f818f44b62c62144105f88bac739132d4f4c48b069,unchanged
dashboard/powerbi/W2_Churn.Report/definition/pages/services/visuals/service_4/visual.json,4767,d04457c303a2fa12643060cef577ff19786bf91f7374672137d97587be064195,azure-churn-clv/dashboard/powerbi/W2_Churn.Report/definition/pages/services/visuals/service_4/visual.json,d04457c303a2fa12643060cef577ff19786bf91f7374672137d97587be064195,unchanged
dashboard/powerbi/W2_Churn.Report/definition/pages/services/visuals/service_5/visual.json,4780,5ca69ee1b6a17b63d77f89d65a21f6f5b824e5ffe463df38d20a1b3ae00cc7be,azure-churn-clv/dashboard/powerbi/W2_Churn.Report/definition/pages/services/visuals/service_5/visual.json,5ca69ee1b6a17b63d77f89d65a21f6f5b824e5ffe463df38d20a1b3ae00cc7be,unchanged
dashboard/powerbi/W2_Churn.Report/definition/pages/services/visuals/service_count/visual.json,4806,ad04c6c48f03b24e22d662f4245c81c1f8c5fc698fdb620426678d42345cfcac,azure-churn-clv/dashboard/powerbi/W2_Churn.Report/definition/pages/services/visuals/service_count/visual.json,ad04c6c48f03b24e22d662f4245c81c1f8c5fc698fdb620426678d42345cfcac,unchanged
dashboard/powerbi/W2_Churn.Report/definition/pages/services/visuals/slicer_0/visual.json,3999,017ac4910dc13f4643e9bdd7d5a5feab25bf40a22badbcc58d4e5ca6d67442d4,azure-churn-clv/dashboard/powerbi/W2_Churn.Report/definition/pages/services/visuals/slicer_0/visual.json,017ac4910dc13f4643e9bdd7d5a5feab25bf40a22badbcc58d4e5ca6d67442d4,unchanged
dashboard/powerbi/W2_Churn.Report/definition/pages/services/visuals/slicer_1/visual.json,4009,f4bbfc13760eae0c40fb906f5e7b47fe0d52b87c2503a4267392a0be64093c13,azure-churn-clv/dashboard/powerbi/W2_Churn.Report/definition/pages/services/visuals/slicer_1/visual.json,f4bbfc13760eae0c40fb906f5e7b47fe0d52b87c2503a4267392a0be64093c13,unchanged
dashboard/powerbi/W2_Churn.Report/definition/pages/services/visuals/slicer_2/visual.json,3997,10a35ef9e8f2ac9068cdfc6405be3731cf14ac403930b9956e78ecb0a612ea2a,azure-churn-clv/dashboard/powerbi/W2_Churn.Report/definition/pages/services/visuals/slicer_2/visual.json,10a35ef9e8f2ac9068cdfc6405be3731cf14ac403930b9956e78ecb0a612ea2a,unchanged
dashboard/powerbi/W2_Churn.Report/definition/pages/services/visuals/slicer_3/visual.json,4000,b39cb961bfcfffc1ef60a3f4e0a77395b4d26da2fafdaa02fd76f71b4d1d56c1,azure-churn-clv/dashboard/powerbi/W2_Churn.Report/definition/pages/services/visuals/slicer_3/visual.json,b39cb961bfcfffc1ef60a3f4e0a77395b4d26da2fafdaa02fd76f71b4d1d56c1,unchanged
dashboard/powerbi/W2_Churn.Report/definition/pages/services/visuals/slicer_4/visual.json,3986,b192c185925f736ca4b921b52a0d682667f9e09bd871aeb76ccb83c39de9178d,azure-churn-clv/dashboard/powerbi/W2_Churn.Report/definition/pages/services/visuals/slicer_4/visual.json,b192c185925f736ca4b921b52a0d682667f9e09bd871aeb76ccb83c39de9178d,unchanged
dashboard/powerbi/W2_Churn.Report/definition/pages/services/visuals/subtitle/visual.json,3300,c42f09479656c65b675ae4a3eeb046bbc48545a9e8f2a4aa9e8d08cfe5469ddb,azure-churn-clv/dashboard/powerbi/W2_Churn.Report/definition/pages/services/visuals/subtitle/visual.json,c42f09479656c65b675ae4a3eeb046bbc48545a9e8f2a4aa9e8d08cfe5469ddb,unchanged
dashboard/powerbi/W2_Churn.Report/definition/report.json,551,866c35edd89599ba21de30116ad0ada6d69858c1e04aecca8eb3acb4ba12e442,azure-churn-clv/dashboard/powerbi/W2_Churn.Report/definition/report.json,866c35edd89599ba21de30116ad0ada6d69858c1e04aecca8eb3acb4ba12e442,unchanged
dashboard/powerbi/W2_Churn.Report/definition/version.json,154,79141fb0e4ed866953772344c3fc65ec1e5a10beac56fedbad151518396dccfb,azure-churn-clv/dashboard/powerbi/W2_Churn.Report/definition/version.json,79141fb0e4ed866953772344c3fc65ec1e5a10beac56fedbad151518396dccfb,unchanged
dashboard/powerbi/W2_Churn.SemanticModel/definition.pbism,172,19bd1499c9bd0cce681bda448411623f96b9c90977424e8e40d0a817c3e41860,azure-churn-clv/dashboard/powerbi/W2_Churn.SemanticModel/definition.pbism,19bd1499c9bd0cce681bda448411623f96b9c90977424e8e40d0a817c3e41860,unchanged
dashboard/powerbi/W2_Churn.SemanticModel/model.bim,174268,459eabac226b52027138391687d305fa40041b24daca696db1accf66de18802b,azure-churn-clv/dashboard/powerbi/W2_Churn.SemanticModel/model.bim,459eabac226b52027138391687d305fa40041b24daca696db1accf66de18802b,unchanged
dashboard/powerbi/W2_Churn.pbip,289,fc06f9807cc6644d93c2ffc5aeb12f390e27e9746ff2c87d60e81adbd5e0013f,azure-churn-clv/dashboard/powerbi/W2_Churn.pbip,fc06f9807cc6644d93c2ffc5aeb12f390e27e9746ff2c87d60e81adbd5e0013f,unchanged
dashboard/w2_interactive.html,5880846,7501d538e282ae146f2e9f25e825673e026090c6b3db1d96db77bed0289f7044,azure-churn-clv/dashboard/w2_interactive.html,7501d538e282ae146f2e9f25e825673e026090c6b3db1d96db77bed0289f7044,unchanged
data/README.md,319,8764df0276abe2c12d691248a9a5f58e51aeba37b1e00346e6360831abd00114,azure-churn-clv/data/README.md,8764df0276abe2c12d691248a9a5f58e51aeba37b1e00346e6360831abd00114,unchanged
data/processed/README.md,1752,87efd3abac8a6efd8f0ca191edcc442602c4d461dd7134411eefdb68aba78a41,azure-churn-clv/data/processed/README.md,87efd3abac8a6efd8f0ca191edcc442602c4d461dd7134411eefdb68aba78a41,modified
data/raw/README.md,1301,be49a19f283b6178fc98944e7ea9925449eda9993766b8b339f77003dad3b876,azure-churn-clv/data/raw/README.md,be49a19f283b6178fc98944e7ea9925449eda9993766b8b339f77003dad3b876,unchanged
docs/README.md,1155,d1ea21fb116d01ad740fcdbccdb4a51df9ea6846e757978afe717ca2af4a4a42,azure-churn-clv/docs/README.md,cedb973bb14185e29dbd047d53e76d889f36aab234825c858ad7f31fc40824ec,modified
docs/archive/项目理解_w1理解_每周计划.docx,14288,8e18d24caced5b2210dd0bae15651c1ed4475d8c02b851f538504cd1377c516c,azure-churn-clv/docs/archive/项目理解_w1理解_每周计划.docx,8e18d24caced5b2210dd0bae15651c1ed4475d8c02b851f538504cd1377c516c,unchanged
docs/archive/项目理解_w1理解_每周计划.pdf,330718,31a6537c5b00eb40f363e72f3857af13a1c17af2965e7c33a706c2fd75e9e8b0,azure-churn-clv/docs/archive/项目理解_w1理解_每周计划.pdf,31a6537c5b00eb40f363e72f3857af13a1c17af2965e7c33a706c2fd75e9e8b0,unchanged
docs/deliverables/README.md,1047,722a246a818c87261f67b3bd5e4ec296254ab028a94578b37d2e58f907d2ddfd,generated_for_github_upload,,added
docs/deliverables/week2/W2完成报告_2026-09-09.md,6579,6c9b74ad5e2941097ed3538aac9137f5b2b66796efdad7d69ac938bd5f5f0beb,week2_sub/W2完成报告_2026-09-09.md,e8d5540665570e05eed940a5952044cba98bbe71ea25cebb8f94f0dc02e3d9bc,added
docs/deliverables/week2/W2实验报告.pdf,700160,ccd7602ed13a581dfd365fd36ac4dcce38a525ab650357db1faa71a561601dd7,week2_sub/W2实验报告.pdf,ccd7602ed13a581dfd365fd36ac4dcce38a525ab650357db1faa71a561601dd7,added
docs/deliverables/week2/W2零基础说明.md,9198,e1b5b3d6c77b7eb41f4a3a38b410f7c14a5a6d43e97407755e9deadd5c05853b,week2_sub/W2零基础说明.md,0031c5c8928c26a0be2c0d74db1238b764f4a3d429a45f0d5f28f899e6f76f12,added
docs/deliverables/week2/项目结构与构成说明.md,7244,89271a2c3c86daed1337bde4e6226439a5cdff9f789560124bfb4d260abce972,week2_sub/项目结构与构成说明.md,c33549d1536e3fad4bc609c19f6dcbe987feedc90352d20a0dda5c973878385a,added
docs/deliverables/week3/W3任务推进大纲与总体框架.md,6056,02a8b365e57f80b376909e4eb620aa29a32c834ae9183061e0420afd12ca5d6b,week3_sub/W3任务推进大纲与总体框架.md,02a8b365e57f80b376909e4eb620aa29a32c834ae9183061e0420afd12ca5d6b,added
docs/deliverables/week3/W3完成报告_2026-09-16.md,11451,982de2649bdac5ee43ad7006d848925ca70bc525261fb03f56746b970e684132,week3_sub/W3完成报告_2026-09-16.md,b4b4365aedd5bdf815158f7711d7cb7cb51176cb8eabac121247cb54a3f0ddd7,added
docs/deliverables/week3/W3完成报告_2026-09-16.pdf,637436,774cfcbf4ba5878d15d2a59a7d0d5fe4785d3e70d40f76b437a4008cb263bb07,week3_sub/W3完成报告_2026-09-16.pdf,774cfcbf4ba5878d15d2a59a7d0d5fe4785d3e70d40f76b437a4008cb263bb07,added
docs/deliverables/week3/W3验收清单_2026-09-16.md,8537,0e9d47d29ae94918ad0316c4e71a466c5358e24f08fd2885c591da71eedb0167,week3_sub/W3验收清单_2026-09-16.md,761467483867bae84a4d9987eecd35cfea435e97cc571c61aa47761d20d3799f,added
docs/deliverables/week3/feature_engineering_design_v1.md,18989,ac592af408b49de724853c84331e4ff610a562331864446d9bd3eae9e0359df5,week3_sub/feature_engineering_design_v1.md,0b4effc23a6ad43898d3580c8d3da377906384970344a54abe105caada5b7093,added
docs/deliverables/week3/feature_engineering_design_v1.pdf,928494,5b0454159c33fa95e3ddeb658a76f725ba6fa80d83bf9e36d5f8765e02182d4c,week3_sub/feature_engineering_design_v1.pdf,5b0454159c33fa95e3ddeb658a76f725ba6fa80d83bf9e36d5f8765e02182d4c,added
docs/deliverables/week3/w3_cleaning_report.md,7298,a1e8a957c9a6a7ecb25b32813bc3f689810ad9f8a8969d63d7483b5b5ade4b4b,week3_sub/w3_cleaning_report.md,c31177c9ad155bf92aa9661b981ef03ea076bb1193157ab2e5ec331e44290f77,added
docs/deliverables/week3/w3_cleaning_report.pdf,555783,73c5ac40563db480b311cf854a1e2727de7f6e67f1d9f8b8eb7a3c5cb1b5cbb7,week3_sub/w3_cleaning_report.pdf,73c5ac40563db480b311cf854a1e2727de7f6e67f1d9f8b8eb7a3c5cb1b5cbb7,added
docs/operations/W2_run_and_delivery.md,5526,4dceb1a6e728f6ba78119e03dcc4f223c6d8f6d303319494acc72fb08859049e,azure-churn-clv/docs/operations/W2_run_and_delivery.md,74ade08ed7752ad119b49eabe28140552b52f2cdde591a34109c4fe4a8b33781,modified
docs/operations/W3_run_and_delivery.md,12534,ce57e388d39ec254fd72780ecadef553b6ba895d8dea81ed91948fe3f0052e20,azure-churn-clv/docs/operations/W3_run_and_delivery.md,70df654cedcbc0f67fe690b37666bf643868b24b52c08667ed9940d1ce520151,added
docs/operations/当前工作进度与续作交接.md,12098,5919d8234cb86eae598f5e7d23c939a9b8544753fc677fe1beef38d01c710904,azure-churn-clv/docs/operations/当前工作进度与续作交接.md,75c797e508b9ee90fad2e3423fdebdc4c9f97494a2898a8dc5982af7b74c1d9d,modified
docs/operations/环境安装与配置说明.md,8680,b88250404603a66e65693e3fce78e57c299dcf82a6193e9b75897500197a3b9f,azure-churn-clv/docs/operations/环境安装与配置说明.md,35a4bee886227c1579d18d308fcfc482ba77c14006aff552d0a0297197c2ad79,modified
docs/planning/第一周任务总体框架与推进步骤.md,28331,eb89876269b43ba655ff74fab027f6f59b9127c6c38595bc8c1013171704c4b5,azure-churn-clv/docs/planning/第一周任务总体框架与推进步骤.md,eb89876269b43ba655ff74fab027f6f59b9127c6c38595bc8c1013171704c4b5,unchanged
docs/planning/第一周任务总体框架与推进步骤.pdf,698889,5e0145aaaf40fe87ba76b5fcd22207b26a3441cd5bb509a4943ea6f74b1ce0d3,azure-churn-clv/docs/planning/第一周任务总体框架与推进步骤.pdf,5e0145aaaf40fe87ba76b5fcd22207b26a3441cd5bb509a4943ea6f74b1ce0d3,unchanged
docs/planning/项目总体理解与个人12周计划.md,15791,bceb1b68694a34ecbb0fb0ace116afead2a1fbfd3617350b26ad4b0e97bb4341,azure-churn-clv/docs/planning/项目总体理解与个人12周计划.md,bceb1b68694a34ecbb0fb0ace116afead2a1fbfd3617350b26ad4b0e97bb4341,unchanged
docs/planning/项目总体理解与个人12周计划.pdf,518749,6e506ed45ba5500f5b14e87e9b7ef0ba47979a2bf49dc71d7761f4072e041ca9,azure-churn-clv/docs/planning/项目总体理解与个人12周计划.pdf,6e506ed45ba5500f5b14e87e9b7ef0ba47979a2bf49dc71d7761f4072e041ca9,unchanged
docs/project/Azure客户流失预测与CLV提升_零基础实现指南.md,38316,687d5daec6d96e236d1c96dc0329428ab42f9d327df45d22decd515db8de11d4,azure-churn-clv/docs/project/Azure客户流失预测与CLV提升_零基础实现指南.md,687d5daec6d96e236d1c96dc0329428ab42f9d327df45d22decd515db8de11d4,unchanged
docs/project/Azure客户流失预测与CLV提升_项目介绍.md,16941,a0c41900d57b326dc720784df4d415b66c804fc3b3087741c8e64e6dd709b7ec,azure-churn-clv/docs/project/Azure客户流失预测与CLV提升_项目介绍.md,a0c41900d57b326dc720784df4d415b66c804fc3b3087741c8e64e6dd709b7ec,unchanged
docs/project/微软数据分析实习项目：微软 Azure 云服务客户流失预测与全生命周期价值提升分析(1).pdf,163269,1ef695912c3c6a2a3fd1fb25fb6adb735770f30fd07cb97279f7dcc41fe4baea,azure-churn-clv/docs/project/微软数据分析实习项目：微软 Azure 云服务客户流失预测与全生命周期价值提升分析(1).pdf,1ef695912c3c6a2a3fd1fb25fb6adb735770f30fd07cb97279f7dcc41fe4baea,unchanged
models/README.md,1252,c33de970173899d1ba40b668d4993e06bad30084777748332ce7d68443993ceb,azure-churn-clv/models/README.md,c33de970173899d1ba40b668d4993e06bad30084777748332ce7d68443993ceb,modified
notebooks/02_eda.html,6929013,b48e97d827db91cf941cb0e77d50e3cf16933f911909f456dc52f2fe788207db,azure-churn-clv/notebooks/02_eda.html,b48e97d827db91cf941cb0e77d50e3cf16933f911909f456dc52f2fe788207db,unchanged
notebooks/02_eda.ipynb,6596757,e43ac3e4291c0b149b1178825a899b1b8072ed729bf64437eaf5b47c5977092d,azure-churn-clv/notebooks/02_eda.ipynb,e43ac3e4291c0b149b1178825a899b1b8072ed729bf64437eaf5b47c5977092d,unchanged
notebooks/03_cleaning.html,314289,7679a5038deb45a61df956a229d7630c797e4d07fc3c14ba4ad5707b1290128f,azure-churn-clv/notebooks/03_cleaning.html,7679a5038deb45a61df956a229d7630c797e4d07fc3c14ba4ad5707b1290128f,added
notebooks/03_cleaning.ipynb,16853,33de26ed1cc5331244bbef06ea2e109ec62fa3f82a36a376e594997816c749ea,azure-churn-clv/notebooks/03_cleaning.ipynb,33de26ed1cc5331244bbef06ea2e109ec62fa3f82a36a376e594997816c749ea,added
notebooks/README.md,2184,72bdbf57c0e352e4c5dd87770f7c7f18f16a1b36f1f6e130b8a32e1305185fcc,azure-churn-clv/notebooks/README.md,72bdbf57c0e352e4c5dd87770f7c7f18f16a1b36f1f6e130b8a32e1305185fcc,modified
references/project_brief_extracted.txt,10075,888ac13594004e7648f9f36eaea703d526c7ab96df13be578ebf1f2f17722afe,azure-churn-clv/references/project_brief_extracted.txt,888ac13594004e7648f9f36eaea703d526c7ab96df13be578ebf1f2f17722afe,unchanged
reports/README.md,3354,4672d6b1ae929b3df5b3ace3b35c09c31bc019019df7fa69e3aa64a719f82367,azure-churn-clv/reports/README.md,61cfa3d1c32e1f55c20b73d1dbf2a9de616dbdd2a0e69da3a8d063d93fd8c89a,modified
reports/business_analysis_report_v1.md,12228,284d6aa93219e3118926160a975f0ee64ef12f40f38ded4821ef3c5ed0b1d66b,azure-churn-clv/reports/business_analysis_report_v1.md,284d6aa93219e3118926160a975f0ee64ef12f40f38ded4821ef3c5ed0b1d66b,unchanged
reports/data_contract_v1.md,13040,1b82b45375c035acc687dc13f648f1f03b859cf2fdf52edc1143ab78a74380d0,azure-churn-clv/reports/data_contract_v1.md,1b82b45375c035acc687dc13f648f1f03b859cf2fdf52edc1143ab78a74380d0,unchanged
reports/data_dictionary_v1.csv,4121,107e3da71f53848b5e049e91e002d1c5100042113498a053361da29d32a123a2,azure-churn-clv/reports/data_dictionary_v1.csv,107e3da71f53848b5e049e91e002d1c5100042113498a053361da29d32a123a2,unchanged
reports/data_quality_report_v1.md,9845,fa1a4da92755e812e9c9244b999fcc6f234864df4d78b376e53533fc666d4a11,azure-churn-clv/reports/data_quality_report_v1.md,fa1a4da92755e812e9c9244b999fcc6f234864df4d78b376e53533fc666d4a11,unchanged
reports/decision_log.md,7614,027f01c72a49691b0b2a677433bc2ba29760fcb9aea5ace68b6a7eedb3354986,azure-churn-clv/reports/decision_log.md,027f01c72a49691b0b2a677433bc2ba29760fcb9aea5ace68b6a7eedb3354986,unchanged
reports/environment_recovery.md,2336,1ae28c9ee2fc7de2c469f55dde2dd816cab85853b186b77f024e5ee04eb05175,azure-churn-clv/reports/environment_recovery.md,1ae28c9ee2fc7de2c469f55dde2dd816cab85853b186b77f024e5ee04eb05175,unchanged
reports/environment_smoke.ipynb,23316,7992cdd2e1aa470766af984880c21c131bff512b8c94f6608b6d03c4d2d43ef9,azure-churn-clv/reports/environment_smoke.ipynb,7992cdd2e1aa470766af984880c21c131bff512b8c94f6608b6d03c4d2d43ef9,unchanged
reports/environment_verification.json,1291,331dfb35f109d084c46485c05f41f45abab48cb7a8da1380b004d4954e561f50,azure-churn-clv/reports/environment_verification.json,331dfb35f109d084c46485c05f41f45abab48cb7a8da1380b004d4954e561f50,unchanged
reports/feature_engineering_design_v1.md,18897,0b4effc23a6ad43898d3580c8d3da377906384970344a54abe105caada5b7093,azure-churn-clv/reports/feature_engineering_design_v1.md,0b4effc23a6ad43898d3580c8d3da377906384970344a54abe105caada5b7093,added
reports/figures/README.md,180,eac2dd8178a13c0da495410b32628a5ec3c0667ce99f672f7812eb32f4ca3714,azure-churn-clv/reports/figures/README.md,eac2dd8178a13c0da495410b32628a5ec3c0667ce99f672f7812eb32f4ca3714,unchanged
reports/figures/w2_eda/01_churn_distribution.png,132622,a9e586e17f18e16fcf7c368fd20fc7ee3ccc62d7c521c6e88c52725f25056d28,azure-churn-clv/reports/figures/w2_eda/01_churn_distribution.png,a9e586e17f18e16fcf7c368fd20fc7ee3ccc62d7c521c6e88c52725f25056d28,unchanged
reports/figures/w2_eda/02_tenure_distribution.png,116175,cb87bd3b2be412ce532cfce65ffbb6b3a492a73df5200e8b538ab9a0a49a27d3,azure-churn-clv/reports/figures/w2_eda/02_tenure_distribution.png,cb87bd3b2be412ce532cfce65ffbb6b3a492a73df5200e8b538ab9a0a49a27d3,unchanged
reports/figures/w2_eda/03_monthly_charges_distribution.png,138673,91ac3037af46f76dc6182de5d201f0777d92844a015300a86f7de7c1a86e66c8,azure-churn-clv/reports/figures/w2_eda/03_monthly_charges_distribution.png,91ac3037af46f76dc6182de5d201f0777d92844a015300a86f7de7c1a86e66c8,unchanged
reports/figures/w2_eda/04_contract_distribution.png,133681,56261145f9dc649b10e88c4300416b09630597bbe8116f0d78d548c55417810c,azure-churn-clv/reports/figures/w2_eda/04_contract_distribution.png,56261145f9dc649b10e88c4300416b09630597bbe8116f0d78d548c55417810c,unchanged
reports/figures/w2_eda/05_paymentmethod_distribution.png,185449,fe12e04d4eaedbad84f02894a9f96ea7b88a1f12909931658d56b5f23e7c0a48,azure-churn-clv/reports/figures/w2_eda/05_paymentmethod_distribution.png,fe12e04d4eaedbad84f02894a9f96ea7b88a1f12909931658d56b5f23e7c0a48,unchanged
reports/figures/w2_eda/06_service_adoption.png,196941,0ed51345abf721ce9df910941494f20418cf3a5e8a25a2cee356d4c3e300a979,azure-churn-clv/reports/figures/w2_eda/06_service_adoption.png,0ed51345abf721ce9df910941494f20418cf3a5e8a25a2cee356d4c3e300a979,unchanged
reports/figures/w2_eda/07_h1_contract_churn.png,151580,2c4dbc91ce64b12e15e180f4a2b4005c262bb0e657843d18d58c291e6bec205f,azure-churn-clv/reports/figures/w2_eda/07_h1_contract_churn.png,2c4dbc91ce64b12e15e180f4a2b4005c262bb0e657843d18d58c291e6bec205f,unchanged
reports/figures/w2_eda/08_h2_tenure_churn.png,223516,81c2d15d66a3f6256b9579383768b560d86700bb60216e605d9d004fe3444f44,azure-churn-clv/reports/figures/w2_eda/08_h2_tenure_churn.png,81c2d15d66a3f6256b9579383768b560d86700bb60216e605d9d004fe3444f44,unchanged
reports/figures/w2_eda/09_h4_service_count_churn.png,228488,9f3ddf75c5dd6a54a373900c9796e709ba48246bc083bce58c99d93e80c9a62e,azure-churn-clv/reports/figures/w2_eda/09_h4_service_count_churn.png,9f3ddf75c5dd6a54a373900c9796e709ba48246bc083bce58c99d93e80c9a62e,unchanged
reports/figures/w2_eda/10_h4_individual_services.png,331878,e196db3c7907d2d26e219c0bcabac0a636d72cfa605f67472bf8c2b5bfe16bb9,azure-churn-clv/reports/figures/w2_eda/10_h4_individual_services.png,e196db3c7907d2d26e219c0bcabac0a636d72cfa605f67472bf8c2b5bfe16bb9,unchanged
reports/figures/w2_eda/11_h10_fee_quartiles.png,151160,dd4a03f6bc457fb780ca5fd29e056b332e22b56b66cb5ede22741b82ed8e3dbc,azure-churn-clv/reports/figures/w2_eda/11_h10_fee_quartiles.png,dd4a03f6bc457fb780ca5fd29e056b332e22b56b66cb5ede22741b82ed8e3dbc,unchanged
reports/figures/w2_eda/12_h5_fee_service_scatter.png,951953,ee94e34c1dce6c3b01a02f740da8fb8bc736d04a1b10656230d3024ec6a4d1e2,azure-churn-clv/reports/figures/w2_eda/12_h5_fee_service_scatter.png,ee94e34c1dce6c3b01a02f740da8fb8bc736d04a1b10656230d3024ec6a4d1e2,unchanged
reports/figures/w2_eda/13_h6_payment_churn.png,188508,62ba715e2ad71a5c167a428e41c542defb997482b9bdaca2d8a183e478685cf3,azure-churn-clv/reports/figures/w2_eda/13_h6_payment_churn.png,62ba715e2ad71a5c167a428e41c542defb997482b9bdaca2d8a183e478685cf3,unchanged
reports/figures/w2_eda/14_h9_demographics.png,303592,20f94836b939ea71fde680ae63a3b483f3429669d17d40672fb6a87d5c3cace9,azure-churn-clv/reports/figures/w2_eda/14_h9_demographics.png,20f94836b939ea71fde680ae63a3b483f3429669d17d40672fb6a87d5c3cace9,unchanged
reports/figures/w2_eda/15_contract_tenure_heatmap.png,235035,664d582adec90d54b0883961c554696452b726d83628361d83dcf11de57bc5fa,azure-churn-clv/reports/figures/w2_eda/15_contract_tenure_heatmap.png,664d582adec90d54b0883961c554696452b726d83628361d83dcf11de57bc5fa,unchanged
reports/figures/w2_eda/16_spearman_correlation.png,238807,01ff415669854d449359e00d71e6e07100eeaca616c7d56081f9b4e749c99721,azure-churn-clv/reports/figures/w2_eda/16_spearman_correlation.png,01ff415669854d449359e00d71e6e07100eeaca616c7d56081f9b4e749c99721,unchanged
reports/figures/w2_eda/17_risk_value_prototype.png,189674,c02f8b927d7ab10df683411422c865c8d8090e8436f9d3ce019d1a35799cf62c,azure-churn-clv/reports/figures/w2_eda/17_risk_value_prototype.png,c02f8b927d7ab10df683411422c865c8d8090e8436f9d3ce019d1a35799cf62c,unchanged
reports/figures/w2_eda/18_internet_service_stratification.png,262224,11fc486226683e2523c68f65ad9fb19a5c162f4b6a043673908e3f3df2c0b135,azure-churn-clv/reports/figures/w2_eda/18_internet_service_stratification.png,11fc486226683e2523c68f65ad9fb19a5c162f4b6a043673908e3f3df2c0b135,unchanged
reports/figures/w2_eda/19_contract_payment_heatmap.png,279808,c3717f525f73ef3b1e5ae82c9e9032403d1018ecd1cab915d55e26cf4d04d117,azure-churn-clv/reports/figures/w2_eda/19_contract_payment_heatmap.png,c3717f525f73ef3b1e5ae82c9e9032403d1018ecd1cab915d55e26cf4d04d117,unchanged
reports/figures/w2_eda/20_service_combinations.png,236122,d59a838a71665ad7d42c660237b93deb0a4887932e5307855ed40d1d7a5ea1bc,azure-churn-clv/reports/figures/w2_eda/20_service_combinations.png,d59a838a71665ad7d42c660237b93deb0a4887932e5307855ed40d1d7a5ea1bc,unchanged
reports/glossary_v1.md,9095,e776d284b62971a0a93b7fac98fc0c8d5234eda63d432d08864d488a3881a739,azure-churn-clv/reports/glossary_v1.md,e776d284b62971a0a93b7fac98fc0c8d5234eda63d432d08864d488a3881a739,unchanged
reports/hypothesis_matrix_v1.csv,4177,5f058067f1d960a1c401cd62ca5f74cbd1aa11004eb11879f78e2c24682265bc,azure-churn-clv/reports/hypothesis_matrix_v1.csv,5f058067f1d960a1c401cd62ca5f74cbd1aa11004eb11879f78e2c24682265bc,unchanged
reports/hypothesis_matrix_v1.md,22633,9c4e4a4cf6e0b72ac51c2783eef962a6d4680f0b2f2a729b99cac94fd7712cda,azure-churn-clv/reports/hypothesis_matrix_v1.md,9c4e4a4cf6e0b72ac51c2783eef962a6d4680f0b2f2a729b99cac94fd7712cda,unchanged
reports/risk_register_v1.csv,3846,4fa478e7cb30da90a523cb615e2feecebcc76e3bfe20ca710e8c6e25e1ed8ea1,azure-churn-clv/reports/risk_register_v1.csv,4fa478e7cb30da90a523cb615e2feecebcc76e3bfe20ca710e8c6e25e1ed8ea1,unchanged
reports/roadmap_8w_v1.md,10927,d4394a50fd2bc3bdb48690c2fc2aedfa8a36a71d75727f3209dd7b3c8b68a814,azure-churn-clv/reports/roadmap_8w_v1.md,d4394a50fd2bc3bdb48690c2fc2aedfa8a36a71d75727f3209dd7b3c8b68a814,unchanged
reports/runtime_provenance.json,1087,3468aaa2bb3e0af734e033f818ce7da91b569b5e0e9b3db561d1849523309687,azure-churn-clv/reports/runtime_provenance.json,3468aaa2bb3e0af734e033f818ce7da91b569b5e0e9b3db561d1849523309687,unchanged
reports/scope_v1.md,5521,70c0a308dde156fff6823ccf169f135e020b02f9fdf0ccab5c01d6f647aa5292,azure-churn-clv/reports/scope_v1.md,70c0a308dde156fff6823ccf169f135e020b02f9fdf0ccab5c01d6f647aa5292,unchanged
reports/screenshots/w2_powerbi_intersections.png,416667,dfa66a0c4a25ede1489cc1723dddc0f6d7b15be9eb182e6f139a066af576db45,azure-churn-clv/reports/screenshots/w2_powerbi_intersections.png,dfa66a0c4a25ede1489cc1723dddc0f6d7b15be9eb182e6f139a066af576db45,unchanged
reports/screenshots/w2_powerbi_overview.png,299341,42098f9f6da7b57b3bf7d9e3ac90a9dfb5739c3c016900c028c2b5d345d1c3f8,azure-churn-clv/reports/screenshots/w2_powerbi_overview.png,42098f9f6da7b57b3bf7d9e3ac90a9dfb5739c3c016900c028c2b5d345d1c3f8,unchanged
reports/screenshots/w2_powerbi_profiles.png,376351,8ddcca303c384f1bfaa2351ea39667af77ab86c1ae7a6377395d3e2d2c57db38,azure-churn-clv/reports/screenshots/w2_powerbi_profiles.png,8ddcca303c384f1bfaa2351ea39667af77ab86c1ae7a6377395d3e2d2c57db38,unchanged
reports/screenshots/w2_powerbi_services.png,384167,0784e30242473efe1567e7be4c08949072701167ceae3e82fcc53de6078e8fc3,azure-churn-clv/reports/screenshots/w2_powerbi_services.png,0784e30242473efe1567e7be4c08949072701167ceae3e82fcc53de6078e8fc3,unchanged
reports/tables/README.md,1577,db8f3e01a04c0adff20f7961e1d3594278de6ae346797942c714068cc26c0f48,azure-churn-clv/reports/tables/README.md,db8f3e01a04c0adff20f7961e1d3594278de6ae346797942c714068cc26c0f48,modified
reports/tables/data_manifest.csv,2029,be208f6d785ef1a614da1cf56e282089c0f62596b912f946a9a79ebd2d67e196,azure-churn-clv/reports/tables/data_manifest.csv,be208f6d785ef1a614da1cf56e282089c0f62596b912f946a9a79ebd2d67e196,unchanged
reports/tables/data_quality_issues.csv,257,9f100ba2dc76d6e82fd3251240e22aed73729d3d100a495ec558d423a5e48a3f,azure-churn-clv/reports/tables/data_quality_issues.csv,9f100ba2dc76d6e82fd3251240e22aed73729d3d100a495ec558d423a5e48a3f,unchanged
reports/tables/data_quality_results.csv,2286,336b48070bce44f24737d4acd7110030ee10e46bacd43918192db3522037064b,azure-churn-clv/reports/tables/data_quality_results.csv,336b48070bce44f24737d4acd7110030ee10e46bacd43918192db3522037064b,unchanged
reports/tables/w2_chart_hypothesis_mapping.csv,7607,721e76dcd73c1b98305b0b7e9769820d0031516012f016926d48976a08311dce,azure-churn-clv/reports/tables/w2_chart_hypothesis_mapping.csv,721e76dcd73c1b98305b0b7e9769820d0031516012f016926d48976a08311dce,unchanged
reports/tables/w2_churn_distribution.csv,67,3203410c8335283f13d3061f61da9303c4413a03df8938693249bf23c1ecc4c2,azure-churn-clv/reports/tables/w2_churn_distribution.csv,3203410c8335283f13d3061f61da9303c4413a03df8938693249bf23c1ecc4c2,unchanged
reports/tables/w2_contract_payment_rates.csv,1174,be5f798a507668036214d624b9342a72c814fc8e7a5c8bddf66318d22f082145,azure-churn-clv/reports/tables/w2_contract_payment_rates.csv,be5f798a507668036214d624b9342a72c814fc8e7a5c8bddf66318d22f082145,unchanged
reports/tables/w2_contract_rates.csv,279,be4f136ac6211fd762f87ec3d7d2a37e4efadca746abfcd3e069ff1959528c45,azure-churn-clv/reports/tables/w2_contract_rates.csv,be4f136ac6211fd762f87ec3d7d2a37e4efadca746abfcd3e069ff1959528c45,unchanged
reports/tables/w2_contract_tenure_rates.csv,1199,e7b345d280b49b360d3994c7004af9bcbcc27be0dfe3a0c4b56d75360dfe9973,azure-churn-clv/reports/tables/w2_contract_tenure_rates.csv,e7b345d280b49b360d3994c7004af9bcbcc27be0dfe3a0c4b56d75360dfe9973,unchanged
reports/tables/w2_demographic_joint.csv,619,8d40687a2c6396c33df5ede3eeea0161149a4a51fc46f7062f125ec09b2850ea,azure-churn-clv/reports/tables/w2_demographic_joint.csv,8d40687a2c6396c33df5ede3eeea0161149a4a51fc46f7062f125ec09b2850ea,unchanged
reports/tables/w2_demographic_rates.csv,664,e7a1dc99265b97c819f65e196134bc80927a8bc0e3506bfd8f90bce68a52a5e2,azure-churn-clv/reports/tables/w2_demographic_rates.csv,e7a1dc99265b97c819f65e196134bc80927a8bc0e3506bfd8f90bce68a52a5e2,unchanged
reports/tables/w2_fee_quartile_rates.csv,320,7955eb21f5b7fa925055ebddfcfd2ffde68d033d8db57cf993db160835769d4d,azure-churn-clv/reports/tables/w2_fee_quartile_rates.csv,7955eb21f5b7fa925055ebddfcfd2ffde68d033d8db57cf993db160835769d4d,unchanged
reports/tables/w2_fee_service_by_internet.csv,706,4f3f9185cb0bd743b66e23071068db91fb7b8194e0c8486624e0af4f1f31f42d,azure-churn-clv/reports/tables/w2_fee_service_by_internet.csv,4f3f9185cb0bd743b66e23071068db91fb7b8194e0c8486624e0af4f1f31f42d,unchanged
reports/tables/w2_fee_service_rates.csv,401,568696aaaeff8eef8630ce0205f28fa4311a9dc13804569072414f724160b3be,azure-churn-clv/reports/tables/w2_fee_service_rates.csv,568696aaaeff8eef8630ce0205f28fa4311a9dc13804569072414f724160b3be,unchanged
reports/tables/w2_hypothesis_results.csv,4600,f4bab079eca33d20b619193f20dad9c869df9e4b2d8614e7f0ec9cf7e9745020,azure-churn-clv/reports/tables/w2_hypothesis_results.csv,f4bab079eca33d20b619193f20dad9c869df9e4b2d8614e7f0ec9cf7e9745020,unchanged
reports/tables/w2_individual_service_rates.csv,1015,07af6245db57b77add5f37206d7271585795d617a5ca2806d928b1e4d45afcb0,azure-churn-clv/reports/tables/w2_individual_service_rates.csv,07af6245db57b77add5f37206d7271585795d617a5ca2806d928b1e4d45afcb0,unchanged
reports/tables/w2_internet_rates.csv,273,567f686994f5c16812d9345202421a2bff72caad827093af4888479ea15b6bb0,azure-churn-clv/reports/tables/w2_internet_rates.csv,567f686994f5c16812d9345202421a2bff72caad827093af4888479ea15b6bb0,unchanged
reports/tables/w2_manual_payment_rates.csv,201,4ab4689a4e77c98231c46a9a729863530552b7df840db181da3b80a0558e21ab,azure-churn-clv/reports/tables/w2_manual_payment_rates.csv,4ab4689a4e77c98231c46a9a729863530552b7df840db181da3b80a0558e21ab,unchanged
reports/tables/w2_numeric_summary.csv,188,577822e2acf3f38c345e6c57188e0c20e96216df487f52368d529b6f0acec47a,azure-churn-clv/reports/tables/w2_numeric_summary.csv,577822e2acf3f38c345e6c57188e0c20e96216df487f52368d529b6f0acec47a,unchanged
reports/tables/w2_payment_rates.csv,389,42e1f04d6cd6c4ab5b26dcea9ac5ebe608310b0411275698cac42df1570c75dc,azure-churn-clv/reports/tables/w2_payment_rates.csv,42e1f04d6cd6c4ab5b26dcea9ac5ebe608310b0411275698cac42df1570c75dc,unchanged
reports/tables/w2_quality_observations.csv,638,a7ba3c8cf75d4fcd47e41b8df61c16fe2a291abfd4948c6baaa90e25d86fb0e0,azure-churn-clv/reports/tables/w2_quality_observations.csv,a7ba3c8cf75d4fcd47e41b8df61c16fe2a291abfd4948c6baaa90e25d86fb0e0,unchanged
reports/tables/w2_risk_value_prototype.csv,694,3a7ffa3b45733936ea4b715edf7cae04d1dae780fb8cb94e3e5b31bf355a0a25,azure-churn-clv/reports/tables/w2_risk_value_prototype.csv,3a7ffa3b45733936ea4b715edf7cae04d1dae780fb8cb94e3e5b31bf355a0a25,unchanged
reports/tables/w2_schema_audit.csv,552,7c21b2f27687ebf3d20faeb3c04ec21c669e119fc9340e82d4a892fc9a57daf4,azure-churn-clv/reports/tables/w2_schema_audit.csv,7c21b2f27687ebf3d20faeb3c04ec21c669e119fc9340e82d4a892fc9a57daf4,unchanged
reports/tables/w2_service_adoption.csv,426,e4a6ce6fc6b2eaa33b363bea5c5f9b3e0149febd40e230292f9ca71c4dd8b256,azure-churn-clv/reports/tables/w2_service_adoption.csv,e4a6ce6fc6b2eaa33b363bea5c5f9b3e0149febd40e230292f9ca71c4dd8b256,unchanged
reports/tables/w2_service_combinations.csv,4147,5c0eda10ede3964e316fe92c2753e1b79cdc997fb63c18a742ea31e292534182,azure-churn-clv/reports/tables/w2_service_combinations.csv,5c0eda10ede3964e316fe92c2753e1b79cdc997fb63c18a742ea31e292534182,unchanged
reports/tables/w2_service_count_all.csv,503,4738bed28c34aa10352b9795df52500381cd827d2810d55fb813eb9fd0f6ef4c,azure-churn-clv/reports/tables/w2_service_count_all.csv,4738bed28c34aa10352b9795df52500381cd827d2810d55fb813eb9fd0f6ef4c,unchanged
reports/tables/w2_service_count_by_internet.csv,1125,ca7896adf52fa5c20be91bfd9511c8c8ba0b5c70cc1ef830b492bd93b5bc6b68,azure-churn-clv/reports/tables/w2_service_count_by_internet.csv,ca7896adf52fa5c20be91bfd9511c8c8ba0b5c70cc1ef830b492bd93b5bc6b68,unchanged
reports/tables/w2_service_count_internet.csv,502,3145431a329ab2906e5fea48fcf67e0fde3e9a3977e04b6cfee851c694dabee8,azure-churn-clv/reports/tables/w2_service_count_internet.csv,3145431a329ab2906e5fea48fcf67e0fde3e9a3977e04b6cfee851c694dabee8,unchanged
reports/tables/w2_source_reading_register.csv,5301,676d168b10b7e0df0ace693853398bf52b25c6f0b2476f0b5eec1763ad30baf5,azure-churn-clv/reports/tables/w2_source_reading_register.csv,676d168b10b7e0df0ace693853398bf52b25c6f0b2476f0b5eec1763ad30baf5,unchanged
reports/tables/w2_spearman_matrix.csv,443,5a7598ec404bdb0439aefce429a108f975826401c860cd8aa3fd2a9d86bc68d8,azure-churn-clv/reports/tables/w2_spearman_matrix.csv,5a7598ec404bdb0439aefce429a108f975826401c860cd8aa3fd2a9d86bc68d8,unchanged
reports/tables/w2_statistical_tests.csv,4746,24f98e3522087380e520c32a1fcd7a2d38f5f55b535b5e40e2acf863ee401b20,azure-churn-clv/reports/tables/w2_statistical_tests.csv,24f98e3522087380e520c32a1fcd7a2d38f5f55b535b5e40e2acf863ee401b20,unchanged
reports/tables/w2_tenure_rates.csv,417,3017b061595a0eb7ca3a2b9c446992c91d8434e9d8b237be21af8d686c882cc0,azure-churn-clv/reports/tables/w2_tenure_rates.csv,3017b061595a0eb7ca3a2b9c446992c91d8434e9d8b237be21af8d686c882cc0,unchanged
reports/tables/w3_before_after.csv,606,6af11b92e2a3aa91aaee6458e1966fdf3983142f9dfd0eb8b6b275337fcc4b2f,azure-churn-clv/reports/tables/w3_before_after.csv,6af11b92e2a3aa91aaee6458e1966fdf3983142f9dfd0eb8b6b275337fcc4b2f,added
reports/tables/w3_category_reconciliation.csv,1426,00546230e00050b758bc1d55f310e2b4dd2fec303d254427446632ff3976d16e,azure-churn-clv/reports/tables/w3_category_reconciliation.csv,00546230e00050b758bc1d55f310e2b4dd2fec303d254427446632ff3976d16e,added
reports/tables/w3_charge_difference_summary.csv,141,d9093e4628f3f0b144d00cec7f241bde8e10f51f2014a06607e54dcf3f577673,azure-churn-clv/reports/tables/w3_charge_difference_summary.csv,d9093e4628f3f0b144d00cec7f241bde8e10f51f2014a06607e54dcf3f577673,added
reports/tables/w3_feature_dictionary.csv,7419,47aa186dc8edb5c99f72993c0a3921836e78dc0bfa934e9176b40b42b608eeb4,azure-churn-clv/reports/tables/w3_feature_dictionary.csv,47aa186dc8edb5c99f72993c0a3921836e78dc0bfa934e9176b40b42b608eeb4,added
reports/tables/w3_field_audit.csv,1381,7aa9c45e85556a5f73c60144c7a8449a1be3d35ff7c489cc921d88a0643ced10,azure-churn-clv/reports/tables/w3_field_audit.csv,7aa9c45e85556a5f73c60144c7a8449a1be3d35ff7c489cc921d88a0643ced10,added
reports/tables/w3_preprocessor_parameters.csv,368,726a3baa95feadbd5464bc65f1278f6d01715dd978aa40638c3f9f9c3c213c5e,azure-churn-clv/reports/tables/w3_preprocessor_parameters.csv,726a3baa95feadbd5464bc65f1278f6d01715dd978aa40638c3f9f9c3c213c5e,added
reports/tables/w3_quality_checks.csv,3703,14349af8050a220c9d79ca3f5cd17904b85c383b7209054dc1f71d2396385362,azure-churn-clv/reports/tables/w3_quality_checks.csv,14349af8050a220c9d79ca3f5cd17904b85c383b7209054dc1f71d2396385362,added
reports/tables/w3_source_reading_register.csv,4134,fc9aba1998a71d652a0c00b8cf7646f2b52f497fb5facd70ba862136c1c972e0,azure-churn-clv/reports/tables/w3_source_reading_register.csv,fc9aba1998a71d652a0c00b8cf7646f2b52f497fb5facd70ba862136c1c972e0,added
reports/tables/w3_split_summary.csv,167,cc2b57a730bba7e8e5c5236022d7e65950c649a0414fd4dda6bbdd8c4150fc02,azure-churn-clv/reports/tables/w3_split_summary.csv,cc2b57a730bba7e8e5c5236022d7e65950c649a0414fd4dda6bbdd8c4150fc02,added
reports/w1_d1_startup_checklist.md,4826,6fd90ea9786f3eb237decd2979ed2778c4e9c51285575cc88f5b8a4493eb9866,azure-churn-clv/reports/w1_d1_startup_checklist.md,6fd90ea9786f3eb237decd2979ed2778c4e9c51285575cc88f5b8a4493eb9866,unchanged
reports/w2_analysis_metadata.json,1159,7ff31eb5ab3df6423552a740c4ae5ecdf446d195c3fb5139fcc8352d38f7b26a,azure-churn-clv/reports/w2_analysis_metadata.json,7ff31eb5ab3df6423552a740c4ae5ecdf446d195c3fb5139fcc8352d38f7b26a,unchanged
reports/w2_artifact_manifest.csv,22612,8d8e52f990c2015c2c0b7f367906d93ed9dc9194909f5f732e8f0055fba7f636,azure-churn-clv/reports/w2_artifact_manifest.csv,8d8e52f990c2015c2c0b7f367906d93ed9dc9194909f5f732e8f0055fba7f636,unchanged
reports/w2_eda_report.html,6546043,d7fb1c8b7692af30b3480ccd27c5a9a0aef2f6b252d6b24ab5342c7fd295f5d6,azure-churn-clv/reports/w2_eda_report.html,d7fb1c8b7692af30b3480ccd27c5a9a0aef2f6b252d6b24ab5342c7fd295f5d6,unchanged
reports/w2_eda_summary.md,11873,b8b59c286204c22b68d3a19677a75ed979bdea71d43f74190d673bcfa279d216,azure-churn-clv/reports/w2_eda_summary.md,b8b59c286204c22b68d3a19677a75ed979bdea71d43f74190d673bcfa279d216,unchanged
reports/w2_h7_feasibility.json,703,6ffc7a527a9543e9c450487f64de3c971393f51aeb0515122f5e4ccb732ee3ee,azure-churn-clv/reports/w2_h7_feasibility.json,6ffc7a527a9543e9c450487f64de3c971393f51aeb0515122f5e4ccb732ee3ee,unchanged
reports/w2_input_checklist.md,3852,5b7c28fb923c0c39c1f824677f85fb7004e35c4f0b666f6d7fcf58270785a90c,azure-churn-clv/reports/w2_input_checklist.md,5b7c28fb923c0c39c1f824677f85fb7004e35c4f0b666f6d7fcf58270785a90c,unchanged
reports/w2_methods_and_decisions.md,3696,c7697fc1de563444c2152cf3edbc99e0cce0eacc5a9ad89dec32a09c1c4190b1,azure-churn-clv/reports/w2_methods_and_decisions.md,c7697fc1de563444c2152cf3edbc99e0cce0eacc5a9ad89dec32a09c1c4190b1,unchanged
reports/w2_powerbi_build.json,6515,8f7fd27a8a18c1fe13e08718fb7c52cd6bae24e27f8a1ecbed2d61673a34e747,azure-churn-clv/reports/w2_powerbi_build.json,8f7fd27a8a18c1fe13e08718fb7c52cd6bae24e27f8a1ecbed2d61673a34e747,unchanged
reports/w2_powerbi_data_verification.json,614,ddc7f4aa4f63fecf0f2317c23a0df172525138c30d2cf85cf75e962f2e60a0f0,azure-churn-clv/reports/w2_powerbi_data_verification.json,ddc7f4aa4f63fecf0f2317c23a0df172525138c30d2cf85cf75e962f2e60a0f0,unchanged
reports/w2_powerbi_runtime_verification.json,1620,0a2c35f2109356c13e66f46b0c1199fa41ede023db673a8f6a5fbfb3c9a7803d,azure-churn-clv/reports/w2_powerbi_runtime_verification.json,0a2c35f2109356c13e66f46b0c1199fa41ede023db673a8f6a5fbfb3c9a7803d,unchanged
reports/w2_powerbi_verification.json,19516,af19322e5a27298bc64995555ca9f8bd6b3a3cdba53810070579c9cc744af8b6,azure-churn-clv/reports/w2_powerbi_verification.json,af19322e5a27298bc64995555ca9f8bd6b3a3cdba53810070579c9cc744af8b6,unchanged
reports/w2_requirements_audit.md,8671,7d0b5a3b7b25b209e5be0344cb0ef7633870596ab8688e3ff06db5c9a49374e4,azure-churn-clv/reports/w2_requirements_audit.md,7d0b5a3b7b25b209e5be0344cb0ef7633870596ab8688e3ff06db5c9a49374e4,unchanged
reports/w2_to_w3_cleaning_recommendations.md,7613,6ad89e13b19cbba5d17f607b9bd0c4a678a4f180c942369da490dc7bc4c8daa5,azure-churn-clv/reports/w2_to_w3_cleaning_recommendations.md,6ad89e13b19cbba5d17f607b9bd0c4a678a4f180c942369da490dc7bc4c8daa5,unchanged
reports/w2_verification.json,515,92e59ad0b74020ea7f14600f0dc52fb70f1b3a2138705e3244c7e28d6310a927,azure-churn-clv/reports/w2_verification.json,92e59ad0b74020ea7f14600f0dc52fb70f1b3a2138705e3244c7e28d6310a927,unchanged
reports/w2_web_dashboard_verification.json,1664,d384963c34115ebb46735b9516f85828ec2a7475b04848daac376916e84b6cfd,azure-churn-clv/reports/w2_web_dashboard_verification.json,d384963c34115ebb46735b9516f85828ec2a7475b04848daac376916e84b6cfd,unchanged
reports/w3_artifact_manifest.csv,8324,72fa5f9e6ccb695d98fe8d03ce38b570b41ffb97211ab69cd945a4978d999b7e,azure-churn-clv/reports/w3_artifact_manifest.csv,72fa5f9e6ccb695d98fe8d03ce38b570b41ffb97211ab69cd945a4978d999b7e,added
reports/w3_clean_environment_verification.json,19211,b60d67b2205b9b856e6d5f2e315ce36918affad56ae7f5fe4fa3476027f83c2f,azure-churn-clv/reports/w3_clean_environment_verification.json,b60d67b2205b9b856e6d5f2e315ce36918affad56ae7f5fe4fa3476027f83c2f,added
reports/w3_cleaning_report.md,7232,c31177c9ad155bf92aa9661b981ef03ea076bb1193157ab2e5ec331e44290f77,azure-churn-clv/reports/w3_cleaning_report.md,c31177c9ad155bf92aa9661b981ef03ea076bb1193157ab2e5ec331e44290f77,added
reports/w3_cleaning_rules.md,12404,88ace00f214c37dc5324d747717df9ecc91933115702909c011005545efb63a3,azure-churn-clv/reports/w3_cleaning_rules.md,88ace00f214c37dc5324d747717df9ecc91933115702909c011005545efb63a3,added
reports/w3_delivery_verification.json,1338,81d3bd2a9265776fc8dfddcc694674546b36fd1c0b87ad10febe3bc0f02b88eb,azure-churn-clv/reports/w3_delivery_verification.json,81d3bd2a9265776fc8dfddcc694674546b36fd1c0b87ad10febe3bc0f02b88eb,added
reports/w3_run_metadata.json,9167,6b5569a79512862a264d5214847714ca9b549303fc1351c0c23c73e9e4b0c5be,azure-churn-clv/reports/w3_run_metadata.json,6b5569a79512862a264d5214847714ca9b549303fc1351c0c23c73e9e4b0c5be,added
reports/w3_test_results.json,1198,1de3f9f0e4329b161b98c79035a010081fe2605b90d3196a3cbfd8db881bfb96,azure-churn-clv/reports/w3_test_results.json,1de3f9f0e4329b161b98c79035a010081fe2605b90d3196a3cbfd8db881bfb96,added
reports/w3_test_results.log,9768,39955549d3b911fd88b6f10f7dcf1be87b84fff28ba467276f386d76ff3fa7fd,azure-churn-clv/reports/w3_test_results.log,39955549d3b911fd88b6f10f7dcf1be87b84fff28ba467276f386d76ff3fa7fd,added
reports/w3_verification.json,1251,610bbdbe3c6f5fd80f7a177c3a0362475c4008d136a0b974b22b5a47a0725998,azure-churn-clv/reports/w3_verification.json,610bbdbe3c6f5fd80f7a177c3a0362475c4008d136a0b974b22b5a47a0725998,added
requirements-advanced.txt,383,456685c3120c6c5035ad08863e6915462d7939237d76ce8a83813e00000cec82,azure-churn-clv/requirements-advanced.txt,456685c3120c6c5035ad08863e6915462d7939237d76ce8a83813e00000cec82,unchanged
requirements-all.txt,54,cf13af246e31035625d50e62e86a8a5b888050a974f5331732b61e554d229114,azure-churn-clv/requirements-all.txt,cf13af246e31035625d50e62e86a8a5b888050a974f5331732b61e554d229114,unchanged
requirements-core.txt,395,0c1f6972b6bbbae1a503ac7f9d557379c6453378ad6c25dcc71dee3fb7f260b2,azure-churn-clv/requirements-core.txt,0c1f6972b6bbbae1a503ac7f9d557379c6453378ad6c25dcc71dee3fb7f260b2,unchanged
requirements-optional.txt,109,040a3d587613623aabc2811b47df598ece9c3b0f76ec1ad145d44bbdd6090a2a,azure-churn-clv/requirements-optional.txt,040a3d587613623aabc2811b47df598ece9c3b0f76ec1ad145d44bbdd6090a2a,unchanged
requirements-w3-notebook.txt,170,57fd4ac36ff5c88f46c05fbea200bd227d97835039ba82df245660814ad098c2,azure-churn-clv/requirements-w3-notebook.txt,57fd4ac36ff5c88f46c05fbea200bd227d97835039ba82df245660814ad098c2,added
requirements.txt,25,a26ff5e730325c453fc81d5fa75893a9a21aa922679417efb4c64052c3d010b0,azure-churn-clv/requirements.txt,a26ff5e730325c453fc81d5fa75893a9a21aa922679417efb4c64052c3d010b0,unchanged
requirements_w2.txt,348,7d9f0051cbc0253e010a1fe203fb2b7297e490a55250493c976310125c12828e,azure-churn-clv/requirements_w2.txt,7d9f0051cbc0253e010a1fe203fb2b7297e490a55250493c976310125c12828e,unchanged
requirements_w3.txt,232,c5d4a04a04dfde0bcbca00cc699b7d821882364cf2d7f54a9d88dc949395b3e2,azure-churn-clv/requirements_w3.txt,c5d4a04a04dfde0bcbca00cc699b7d821882364cf2d7f54a9d88dc949395b3e2,added
screenshots/w2_web_combined_filter.png,41380,e6077a2876771837a1bd3bc12d481f1682f5d05d21cac5f585656cfc77726688,azure-churn-clv/screenshots/w2_web_combined_filter.png,e6077a2876771837a1bd3bc12d481f1682f5d05d21cac5f585656cfc77726688,unchanged
screenshots/w2_web_default.png,52004,5008c4b8ed7676d712a710d473fe5ef52c585b9725b6c45c11dcb2629af37af3,azure-churn-clv/screenshots/w2_web_default.png,5008c4b8ed7676d712a710d473fe5ef52c585b9725b6c45c11dcb2629af37af3,unchanged
scripts/build_w2_powerbi.py,17941,6e8be13a96f26c258ed3853babfe8c93fd59d9a935880b9687d83cd5a2c67445,azure-churn-clv/scripts/build_w2_powerbi.py,6e8be13a96f26c258ed3853babfe8c93fd59d9a935880b9687d83cd5a2c67445,unchanged
scripts/build_w2_web_dashboard.py,10355,d518d85de4cc41a20d2e2ca6a8c363a19f169a2e9a5a514d86ef36d9848c0bd1,azure-churn-clv/scripts/build_w2_web_dashboard.py,d518d85de4cc41a20d2e2ca6a8c363a19f169a2e9a5a514d86ef36d9848c0bd1,unchanged
scripts/install_jdk17.ps1,1060,552301b551e7f8e4e0a9bd3adb258993e94ef9f9727871696d3e58ce75d7fa47,azure-churn-clv/scripts/install_jdk17.ps1,552301b551e7f8e4e0a9bd3adb258993e94ef9f9727871696d3e58ce75d7fa47,unchanged
scripts/launch_kernel.py,1189,951b2c340ec1310958d373ec8d1a8c4c9495b2097fbd6c3b94e359e8f3ef8c99,azure-churn-clv/scripts/launch_kernel.py,951b2c340ec1310958d373ec8d1a8c4c9495b2097fbd6c3b94e359e8f3ef8c99,unchanged
scripts/profile_data.py,12579,f0c892e6c478ec70ccbfb63f03108d71ecb153982ab4d62eb545e8bc689564de,azure-churn-clv/scripts/profile_data.py,f0c892e6c478ec70ccbfb63f03108d71ecb153982ab4d62eb545e8bc689564de,unchanged
scripts/recover_cached_python.py,5576,d0d3cc46df63b851b0a3ce0d49b60cdf30503f7ce433c54d516244a9162c3c7e,azure-churn-clv/scripts/recover_cached_python.py,d0d3cc46df63b851b0a3ce0d49b60cdf30503f7ce433c54d516244a9162c3c7e,unchanged
scripts/register_kernel.py,679,e66b311b93b7c318f83bb288a302ad069efa0c86a6f6b2cef73c3a868fabbf37,azure-churn-clv/scripts/register_kernel.py,e66b311b93b7c318f83bb288a302ad069efa0c86a6f6b2cef73c3a868fabbf37,unchanged
scripts/run_week2.py,16818,6dcf107f5ac668f7afac3faba1f8afc55fd3f02cf3d9c3a53be2d77294859283,azure-churn-clv/scripts/run_week2.py,6dcf107f5ac668f7afac3faba1f8afc55fd3f02cf3d9c3a53be2d77294859283,unchanged
scripts/run_week3.py,11122,7a8ab58b387c86ccf064011d51e445e3b9ad5d3acf026155ea86891d44b4688e,azure-churn-clv/scripts/run_week3.py,7a8ab58b387c86ccf064011d51e445e3b9ad5d3acf026155ea86891d44b4688e,added
scripts/setup_environment.ps1,2893,c01a5e60e5196a0810874a8dac1baf1fd9d63e7b30392bd62cf295353187f481,azure-churn-clv/scripts/setup_environment.ps1,c01a5e60e5196a0810874a8dac1baf1fd9d63e7b30392bd62cf295353187f481,unchanged
scripts/setup_week2_environment.ps1,3674,79373c5741b0434d37ddebd81397f69e4616de3b981c3263e9229353e928deb0,azure-churn-clv/scripts/setup_week2_environment.ps1,79373c5741b0434d37ddebd81397f69e4616de3b981c3263e9229353e928deb0,unchanged
scripts/test_week3.py,2243,eef119dba946728c38fd2d9c737bd92f551e679774448433e546589857ab05fc,azure-churn-clv/scripts/test_week3.py,eef119dba946728c38fd2d9c737bd92f551e679774448433e546589857ab05fc,added
scripts/verify_environment.py,3638,aaee3548d0a1cbd22e56ddc1d05488801afcf2a4a0fae54baec2a93a5f79bca0,azure-churn-clv/scripts/verify_environment.py,aaee3548d0a1cbd22e56ddc1d05488801afcf2a4a0fae54baec2a93a5f79bca0,unchanged
src/__init__.py,63,3f24843a8cadc324577bb91cabc4fe370f7468e7ca16c0fe7a2a56caad632b2f,azure-churn-clv/src/__init__.py,3f24843a8cadc324577bb91cabc4fe370f7468e7ca16c0fe7a2a56caad632b2f,unchanged
src/data/__init__.py,62,2cb74cc09e1b2070d87961705fa3701a85144525fbc2d268874d8d5df4af64f9,azure-churn-clv/src/data/__init__.py,2cb74cc09e1b2070d87961705fa3701a85144525fbc2d268874d8d5df4af64f9,unchanged
src/data/clean.py,18428,f350aabd372480bf83d226bbcd3b827a49501f5ce8e476a0f6a04a0561a9d8c3,azure-churn-clv/src/data/clean.py,f350aabd372480bf83d226bbcd3b827a49501f5ce8e476a0f6a04a0561a9d8c3,added
src/data/preprocess.py,8621,2ef8c5265f4a6db0527829154afdeb74a1e35bc70aaf1e81c469d0cd7604ac6a,azure-churn-clv/src/data/preprocess.py,2ef8c5265f4a6db0527829154afdeb74a1e35bc70aaf1e81c469d0cd7604ac6a,added
src/data/w3_workflow.py,24180,9ddc1679b21f45587f567ac4bdf3df6df1f922ebc4e6190ca50ef3aba18fddd9,azure-churn-clv/src/data/w3_workflow.py,9ddc1679b21f45587f567ac4bdf3df6df1f922ebc4e6190ca50ef3aba18fddd9,added
src/features/__init__.py,64,7acb3949383a0eca4f6cd9179c9e672ee79189198e7ed944d3b806ca9a20982c,azure-churn-clv/src/features/__init__.py,7acb3949383a0eca4f6cd9179c9e672ee79189198e7ed944d3b806ca9a20982c,unchanged
src/models/__init__.py,60,fdc08260a97dbd6f9cd744fd489a595900364ff5de25e7617acbdec34c83978f,azure-churn-clv/src/models/__init__.py,fdc08260a97dbd6f9cd744fd489a595900364ff5de25e7617acbdec34c83978f,unchanged
src/segmentation/__init__.py,59,da2cb2ce34a545efda4828070e038ee6dadacab0c5f4da358d471c4abd7f5369,azure-churn-clv/src/segmentation/__init__.py,da2cb2ce34a545efda4828070e038ee6dadacab0c5f4da358d471c4abd7f5369,unchanged
src/w2_analysis.py,33603,89bafe95b4da8bb35a16131dbb8c3dda29f0ca367f35176fad4e30582e2dbe26,azure-churn-clv/src/w2_analysis.py,89bafe95b4da8bb35a16131dbb8c3dda29f0ca367f35176fad4e30582e2dbe26,unchanged
tests/README.md,2076,e4261432981e835a0927010086491c4e7d5b0d8f6a8a26be544fca87ffa5da86,azure-churn-clv/tests/README.md,e4261432981e835a0927010086491c4e7d5b0d8f6a8a26be544fca87ffa5da86,modified
tests/test_w3_cleaning.py,27502,13584ceb9fc745dae933d0ae6a43b33fcdbdfea39c69335d1e7204deef2296f7,azure-churn-clv/tests/test_w3_cleaning.py,13584ceb9fc745dae933d0ae6a43b33fcdbdfea39c69335d1e7204deef2296f7,added
tests/test_w3_workflow.py,8457,0b8d87873ab8ecd2b3d8bd67a192e9356f5b5b844d56a60dad0e23e703654571,azure-churn-clv/tests/test_w3_workflow.py,0b8d87873ab8ecd2b3d8bd67a192e9356f5b5b844d56a60dad0e23e703654571,added
tests/validate_w2_powerbi_schema.py,2656,5c656f2230ddb360af9749da9b028ce6cdedfee4829f69085ddb581f66193216,azure-churn-clv/tests/validate_w2_powerbi_schema.py,5c656f2230ddb360af9749da9b028ce6cdedfee4829f69085ddb581f66193216,unchanged
tools/check_environment.py,2100,e8896e5629c38cee6271080ef1959905b7211918b9edf29715a1e73ac087872d,azure-churn-clv/tools/check_environment.py,e8896e5629c38cee6271080ef1959905b7211918b9edf29715a1e73ac087872d,unchanged
tools/render_markdown_pdf.ps1,8075,310fcd9ebf8dc913439cde9167d929700307b6d98607fc43c097cfa7027729d1,azure-churn-clv/tools/render_markdown_pdf.ps1,310fcd9ebf8dc913439cde9167d929700307b6d98607fc43c097cfa7027729d1,unchanged
tools/smoke_test_stack.py,5096,711ea7ad0aa448cbf0869cc95ea5ec81df1eb5bb505a3a0cccd979d14cde18e2,azure-churn-clv/tools/smoke_test_stack.py,711ea7ad0aa448cbf0869cc95ea5ec81df1eb5bb505a3a0cccd979d14cde18e2,unchanged
